id;Original name;Project name;Public name;Borehole kind;Restriction;Restriction date;Coordinate E;Coordinate N;SRS;QC coordinates ;Elevation Z [masl];HRS;QC elevation Z;Land use;Canton;City;Street;Drilling method;Drill end date;Cuttings;Purpose;Drill diameter ;Status of borehole;Inclination;Inc. Direction;QC inc/direction;Depth (MD) [m];QC depth;Top bedrock [m];QC top bedrock;Groundwater;Unique id;CH;InfoGeol;Original ID;geoquat;geomol;geotherm;kantons ID;test
327;1/95 Erstfeld;Hydrogeologische Untersuchungen für Tagbautunnel bei Wijer, N Erstfeld;1/95 Erstfeld;drilling;restricted;;2692358;1187373;CH1903+ LV 95 (EPSG:2056);5 m (± GPS );480.82;LN02;;;Uri;Erstfeld;;Rotationskernbohrung;1995-05-15;cored;hydrology;180;not specified;0;-1111;not specified;40;0,1m;-9999;unknown;True;
328;2/95 Erstfeld; Hydrogeologische Untersuchungen für Tagbautunnel bei Wijer, N Erstfeld;2/95 Erstfeld;drilling;restricted;;2692332;1187347;CH1903+ LV 95 (EPSG:2056);5 m (± GPS );471.09;LN02;0,1 m;;Uri;Erstfeld;;Rotationskernbohrung;1995-04-19;cored;hydrology;180;not specified;0;-1111;not specified;30;0,1m;-9999;unknown;True;
329;3/95 Erstfeld;Hydrogeologische Untersuchungen für Tagbautunnel bei Wijer, N Erstfeld;3/95 Erstfeld;drilling;restricted;;2692333;1187433;CH1903+ LV 95 (EPSG:2056);5 m (± GPS );482.13;LN02;0,1 m;;Uri;Erstfeld;;Rotationskernbohrung;1995-05-01;cored;hydrology;180;not specified;0;-1111;not specified;35;0,1m;-9999;unknown;True;
330;4/95 Erstfeld;Hydrogeologische Untersuchungen für Tagbautunnel bei Wijer, N Erstfeld;4/95 Erstfeld;drilling;restricted;;2692288;1187438;CH1903+ LV 95 (EPSG:2056);5 m (± GPS );468.36;LN02;0,1 m;;Uri;Erstfeld;;Rotationskernbohrung;1995-05-04;cored;hydrology;180;not specified;0;-1111;not specified;25;0,1m;-9999;unknown;True;
522;Erstfeld 96-2a;Geologischer Spezialbericht zu den Resultaten der Untersuchungen und Sondierungen 1996/97, Gotthard-Basistunnel, Teilabschnitt Erstfeld;Erstfeld 96-2a;drilling;restricted;;2692578.842;1186819.89;CH1903+ LV 95 (EPSG:2056);10 cm (± DGPS / Theodolite);497.5;LN02;0,1 m;;Uri;Erstfeld;;probing;1996-12-19;not specified;geotechnics;159;not specified;0;-1111;not specified;59.4;0,1m;45;0,1m;True;
525;Erstfeld 96-2b;Geologischer Spezialbericht zu den Resultaten der Untersuchungen und Sondierungen 1996/97, Gotthard-Basistunnel, Teilabschnitt Erstfeld;Erstfeld 96-2b;drilling;restricted;;2692581.455;1186820.831;CH1903+ LV 95 (EPSG:2056);10 cm (± DGPS / Theodolite);498.54;LN02;0,1 m;;Uri;Erstfeld;;probing;1997-01-17;not specified;geotechnics;159;not specified;45;60;not specified;43.9;0,1m;27.9;0,1m;;
527;Erstfeld 96-3a;Geologischer Spezialbericht zu den Resultaten der Untersuchungen und Sondierungen 1996/97, Gotthard-Basistunnel, Teilabschnitt Erstfeld;Erstfeld 96-3a;drilling;restricted;;2692681.544;1186634.16;CH1903+ LV 95 (EPSG:2056);10 cm (± DGPS / Theodolite);513.7;LN02;0,1 m;;Uri;Erstfeld;;probing;1996-11-08;not specified;geotechnics;159;not specified;0;-1111;not specified;60;0,1m;-9999;0,1m;True;
529;Erstfeld 96-3b;Geologischer Spezialbericht zu den Resultaten der Untersuchungen und Sondierungen 1996/97, Gotthard-Basistunnel, Teilabschnitt Erstfeld;Erstfeld 96-3b;drilling;restricted;;2692685.246;1186634.042;CH1903+ LV 95 (EPSG:2056);10 cm (± DGPS / Theodolite);514.88;LN02;0,1 m;;Uri;Erstfeld;;probing;1996-11-27;cored;geotechnics;159;not specified;45;60;not specified;69.2;0,1m;56.5;0,1m;;
530;Erstfeld 96-4a;Geologischer Spezialbericht zu den Resultaten der Untersuchungen und Sondierungen 1996/97, Gotthard-Basistunnel, Teilabschnitt Erstfeld;Erstfeld 96-4a;drilling;restricted;;2692747.027;1186550.262;CH1903+ LV 95 (EPSG:2056);10 cm (± DGPS / Theodolite);528.8;LN02;0,1 m;;Uri;Erstfeld;;probing;1996-11-27;not specified;geotechnics;300;not specified;0;-1111;not specified;72;0,1m;53.2;0,1m;True;
531;Erstfeld 96-4b;Geologischer Spezialbericht zu den Resultaten der Untersuchungen und Sondierungen 1996/97, Gotthard-Basistunnel, Teilabschnitt Erstfeld;Erstfeld 96-4b;drilling;restricted;;2692751.814;1186552.557;CH1903+ LV 95 (EPSG:2056);10 cm (± DGPS / Theodolite);528.5;LN02;0,1 m;;Uri;Erstfeld;;probing;1997-01-13;not specified;geotechnics;300;not specified;50;60;not specified;60;0,1m;41.1;0,1m;;
559;Stägwald 04-1;Abschnitt Gotthard Nord, Projektgruppe Rynächt. Portal Nord, Stützmauern Stägwald. Geologische Baugrunduntersuchungen. Bauprojekt 2005, südlich km 98.2.;Stägwlad 04-1;drilling;restricted;;2692206;1187899;CH1903+ LV 95 (EPSG:2056);5 m (± GPS );491.2;LN02;0,1 m;;Uri;Erstfeld;;Rotationskernbohrung;2004-08-04;not specified;geotechnics;252;not specified;0;-1111;not specified;35;0,1m;-9999;;;
560;Stägwald 04-2;Abschnitt Gotthard Nord, Projektgruppe Rynächt. Portal Nord, Stützmauern Stägwald. Geologische Baugrunduntersuchungen. Bauprojekt 2005, südlich km 98.2.;Stägwald 04-2;drilling;restricted;;2692228;1187854;CH1903+ LV 95 (EPSG:2056);5 m (± GPS );496.17;LN02;0,1 m;;Uri;Erstfeld;;other ;2004-07-29;not specified;geotechnics;252;not specified;0;-1111;not specified;35;0,1m;-9999;;True;
564;Stägwald 04-3;Abschnitt Gotthard Nord, Projektgruppe Rynächt. Portal Nord, Stützmauern Stägwald. Geologische Baugrunduntersuchungen. Bauprojekt 2005, südlich km 98.2.;Stägwald 04-3;drilling;restricted;;2692196;1187876;CH1903+ LV 95 (EPSG:2056);5 m (± GPS );483.44;LN02;0,1 m;;Uri;Erstfeld;;Rotationskernbohrung;2004-08-27;not specified;geotechnics;252;not specified;0;-1111;not specified;30;0,1m;-9999;;True;
565;Unterführung Gotthardstrasse SB-01;Abschnitt Gotthard Nord, Projektgruppe Schächen 98.2 / Rynächt 98.2. Geologischer und Hydrologischer Bericht. Bauprojekt 2005, südlich km 98.2.;Unterführung Gotthardstrasse SB-01;drilling;restricted;;2692018;1188349;CH1903+ LV 95 (EPSG:2056);5 m (± GPS );455.66;LN02;0,1 m;;Uri;Erstfeld;;Rotationskernbohrung;2002-05-22;not specified;hydrology;214;not specified;0;-1111;not specified;6.2;0,1m;-9999;;True;
566;Unterführung Gotthardstrasse SB-02;Abschnitt Gotthard Nord, Projektgruppe Schächen 98.2 / Rynächt 98.2. Geologischer und Hydrologischer Bericht. Bauprojekt 2005, südlich km 98.2.;Unterführung Gotthardstrasse SB-02;drilling;restricted;;2692001;1188300;CH1903+ LV 95 (EPSG:2056);5 m (± GPS );455.11;LN02;0,1 m;;Uri;Erstfeld;;Rotationskernbohrung;2002-05-25;not specified;hydrology;214;not specified;0;-1111;not specified;12.2;0,1m;-9999;;True;
567;Unterführung Gotthardstrasse SB-03;Abschnitt Gotthard Nord, Projektgruppe Schächen 98.2 / Rynächt 98.2. Geologischer und Hydrologischer Bericht. Bauprojekt 2005, südlich km 98.2.;Unterführung Gotthardstrasse SB-03;drilling;restricted;;2691979;1188237;CH1903+ LV 95 (EPSG:2056);5 m (± GPS );455.19;LN02;0,1 m;;Uri;Erstfeld;;Rotationskernbohrung;2002-05-17;not specified;hydrology;214;not specified;0;-1111;not specified;12.2;0,1m;-9999;;True;
568;Unterführung Gotthardstrasse SB-04;Abschnitt Gotthard Nord, Projektgruppe Schächen 98.2 / Rynächt 98.2. Geologischer und Hydrologischer Bericht. Bauprojekt 2005, südlich km 98.2.;Unterführung Gotthardstrasse SB-04;drilling;restricted;;2692178;1187440;CH1903+ LV 95 (EPSG:2056);5 m (± GPS );459.68;LN02;0,1 m;;Uri;Erstfeld;;Rotationskernbohrung;2002-05-16;not specified;hydrology;214;not specified;0;-1111;not specified;6;0,1m;-9999;;;
569;Unterführung Gotthardstrasse 03-06;Abschnitt Gotthard Nord, Projektgruppe Schächen 98.2 / Rynächt 98.2. Geologischer und Hydrologischer Bericht. Bauprojekt 2005, südlich km 98.2.;Unterführung Gotthardstrasse 03-06;drilling;restricted;;2691865;1188788;CH1903+ LV 95 (EPSG:2056);5 m (± GPS );454.59;LN02;0,1 m;;Uri;Erstfeld;;core drilling;2003-03-28;not specified;geotechnics;214;not specified;0;-1111;not specified;80;0,1m;-9999;;True;
